# Curated phrase priors: previous word, next word, relative weight (1..4).
# These are editorial weights, not measured corpus frequencies.
artificial	intelligence	4
best	regards	4
birthday	cake	4
business	meeting	3
customer	service	4
data	analysis	4
data	base	2
electric	car	3
file	name	3
first	time	3
good	morning	4
good	evening	3
good	night	3
great	work	3
happy	birthday	4
high	school	4
how	are	3
human	rights	4
last	week	3
last	night	3
machine	learning	4
make	sure	4
many	thanks	4
next	week	3
next	time	3
open	source	4
operating	system	4
please	check	3
project	manager	4
public	transport	4
real	time	3
see	you	4
source	code	4
thank	you	4
this	morning	3
user	interface	4
version	control	4
web	browser	4
work	from	3
אחר	כך	4
בוקר	טוב	4
בית	ספר	4
בית	חולים	4
בהצלחה	רבה	3
ברוך	הבא	4
דרך	אגב	4
הכל	בסדר	4
חג	שמח	4
יום	הולדת	4
יום	טוב	3
כל	הכבוד	4
כל	טוב	3
לילה	טוב	4
מזל	טוב	4
מערכת	הפעלה	4
מספר	טלפון	4
סוף	שבוע	4
ערב	טוב	4
קוד	פתוח	4
שבוע	טוב	4
שבת	שלום	4
תודה	רבה	4
תודה	מראש	4
תל	אביב	4
